user_id,label,raw_label
10076,0,a
10146,1,d
10171,1,c
10276,1,d
10283,1,d
10287,0,a
10360,1,c
10400,1,d
10701,1,c
1073,1,d
10753,1,c
10799,0,a
10835,1,d
10869,1,c
10914,1,c
10977,1,d
11349,0,b
11442,0,a
11455,0,b
11464,0,a
11534,1,d
11582,0,b
11885,1,d
11907,1,d
11978,1,d
11994,1,d
12083,1,d
12096,1,d
1215,0,b
12192,1,c
12216,1,d
1233,1,d
12447,1,c
12716,1,d
1288,0,a
12900,1,d
13018,1,d
13074,1,c
13151,0,a
1318,1,d
13197,1,d
13199,1,c
13221,1,d
13291,0,a
13317,0,b
13347,0,a
13606,0,a
137,1,c
13704,0,a
13750,1,c
13814,1,d
13913,1,d
13957,0,a
13995,0,a
1419,1,d
14406,0,a
14457,0,a
14492,1,d
14542,1,c
14574,1,d
14614,1,d
14623,1,c
14635,1,c
14637,0,a
1489,1,c
1500,0,a
15000,1,d
15033,0,a
15127,1,c
15152,1,c
15163,1,d
15195,1,c
152,0,a
15232,1,c
1526,0,b
15355,0,a
15416,1,d
15566,1,d
15611,1,d
15696,0,b
15769,0,a
15870,1,c
15914,1,d
15979,1,d
15984,0,a
16,1,d
16035,1,c
16093,1,d
1610,1,c
16175,1,d
16310,1,d
16392,1,d
16402,0,b
1642,0,a
16441,1,c
16609,0,a
16719,0,a
16723,0,b
16768,0,a
16807,1,c
1690,0,a
16927,1,d
16955,0,b
17119,1,d
17139,1,d
17153,1,c
17406,1,c
17468,1,d
17708,1,d
17946,1,d
18136,1,d
18209,0,b
18233,1,c
18262,0,b
18362,1,c
18401,1,c
18482,0,a
1854,1,c
18583,1,d
18647,0,a
18752,0,b
18787,0,a
18824,0,a
18869,1,d
18898,1,d
1900,1,d
19021,1,d
19089,1,d
19113,1,d
19339,1,d
19347,1,d
19368,0,a
19409,0,a
195,1,d
19512,0,a
19832,0,b
19852,1,c
19858,1,c
19871,0,a
19941,0,a
19955,1,c
19959,1,c
19994,0,a
20019,1,d
20127,0,a
20211,1,d
20386,0,a
20406,0,a
20438,1,d
20488,0,a
20503,0,b
20508,1,d
2071,0,a
20747,1,c
20797,1,c
20841,0,a
20908,1,d
2103,0,a
21174,1,c
21291,0,a
21485,0,b
21664,0,a
21773,1,d
21780,1,c
21808,1,d
21909,1,d
2198,0,b
21999,1,c
22002,0,a
22006,1,c
22015,1,d
2205,1,c
2206,0,a
22134,1,d
22354,0,a
22411,1,c
22733,0,a
22829,0,a
22913,0,a
23308,0,a
23390,0,a
2370,1,d
23785,0,a
24169,0,b
24226,0,b
24255,1,d
24261,1,c
2435,0,a
24836,1,d
24839,0,a
25040,1,d
25055,1,c
25347,1,d
25368,1,d
25479,1,c
25499,1,d
25502,1,d
25865,0,b
26024,1,d
26047,0,a
26174,1,d
26179,0,a
26244,0,a
26306,1,c
26433,0,a
26474,1,d
26545,1,c
2655,1,d
26646,1,d
2667,1,c
26683,1,c
26741,1,d
26849,1,c
26864,1,d
26915,1,d
27116,0,a
27149,0,a
27495,1,c
27553,0,a
27604,0,a
27624,1,d
27668,1,c
27877,0,a
28071,1,c
28148,1,d
28152,1,d
28252,1,d
2835,1,d
28351,1,c
28380,0,b
2853,1,d
28703,1,d
28721,1,d
28983,1,d
29020,0,b
29053,1,d
29216,0,a
29426,1,d
29434,0,a
29478,1,d
29508,1,d
29598,1,d
29627,1,d
29644,1,d
29648,1,d
29780,0,b
29993,1,d
3000,0,a
30014,0,a
30049,0,a
30107,0,a
30226,0,b
30316,1,d
3032,1,d
30432,1,d
30566,0,b
30606,0,a
30759,0,a
30945,1,c
30972,1,d
30974,0,a
31051,1,d
31083,1,c
31156,1,d
31178,1,d
31217,1,c
31287,1,d
31300,1,d
31370,0,a
31476,0,a
31528,0,b
31691,1,c
31724,1,d
31839,1,d
3202,1,d
32057,1,d
32063,1,d
32114,1,d
32144,0,b
32225,1,d
32261,1,d
32267,0,a
32280,1,d
3236,1,d
32463,1,d
32599,0,a
3260,1,d
32621,0,b
32625,1,c
32730,0,a
32775,1,d
32819,0,a
32828,1,d
32938,1,d
32960,1,d
33167,1,c
33250,1,c
33276,0,a
33301,1,c
33416,0,a
3344,0,a
33573,1,d
33604,1,d
33620,1,c
33687,1,c
33749,1,d
33917,1,c
33936,0,b
33973,0,b
33996,0,a
3402,1,d
34135,1,d
34169,1,c
34271,1,d
34375,0,b
34411,0,a
34533,0,a
34567,1,c
34677,1,c
34712,0,b
34960,1,c
35048,0,b
35071,0,b
35089,1,d
35107,0,b
35114,1,c
35398,1,d
35428,1,c
35429,0,b
35751,1,d
35819,1,c
35826,1,c
35898,1,d
35972,0,a
36154,1,d
36241,1,d
36393,1,d
36402,0,a
36558,1,c
36760,1,d
36766,1,d
36890,0,b
36927,1,d
36977,1,d
36990,0,a
370,1,c
3700,1,d
37006,0,a
3730,1,d
37521,0,a
37536,0,a
37611,1,d
37682,1,c
37840,0,a
37903,1,d
37948,0,b
38058,0,a
38184,1,d
38379,0,a
38518,0,a
38526,1,d
38533,1,d
38629,1,d
39188,1,d
39330,1,c
39369,1,c
39474,1,d
39495,1,d
39498,1,d
39562,1,d
39636,1,c
39685,1,c
39703,0,b
3973,1,d
39819,1,d
39980,0,b
40034,1,c
40130,0,a
40225,1,d
4031,1,c
40424,0,b
40448,1,d
40522,1,d
40703,1,d
40756,1,d
40823,1,c
40919,1,c
40976,0,a
41059,1,d
41192,0,a
4132,1,d
41458,1,d
41517,1,d
41528,1,d
41711,0,a
4184,1,c
4192,0,a
4193,1,c
41946,1,d
41983,1,d
42155,1,c
42188,1,c
42279,1,d
42285,1,d
42332,0,a
42349,0,a
42350,1,d
42355,1,d
42402,1,d
42514,1,d
42543,0,b
42685,1,c
42705,0,a
42748,1,c
42864,1,d
42934,1,c
42974,0,a
42997,1,c
43085,0,a
43206,0,b
43252,1,c
43273,1,d
43319,0,a
43555,0,a
43584,0,b
43705,1,d
43739,0,b
43761,1,d
43801,1,d
44029,1,d
44227,1,c
44264,0,a
44265,0,b
44360,1,d
44582,1,d
44705,1,d
44747,1,d
44759,0,b
44772,0,a
44773,1,c
44776,1,d
44876,0,a
450,1,d
45051,1,d
45072,1,d
45088,0,a
45096,1,d
45145,1,c
4517,1,d
45222,1,c
45266,1,c
45351,1,d
45356,0,a
45401,1,d
45433,0,a
45455,1,c
45477,1,c
45509,1,c
45551,1,d
45966,0,a
4606,1,d
46078,1,d
46091,0,b
46119,0,b
46272,1,d
46315,1,d
46472,0,a
46485,1,c
46549,1,d
46710,1,c
46729,1,c
46849,1,c
46922,1,d
46967,0,a
47016,1,d
47176,1,c
47190,1,d
47221,1,d
47267,1,d
47415,1,c
47707,1,d
47723,1,c
47817,0,a
47849,1,d
4790,1,c
4796,0,a
48007,1,d
48083,1,c
48276,1,d
48291,1,d
48293,1,c
4831,1,c
48431,1,d
48459,1,d
48461,1,c
48548,0,b
48566,0,a
48651,0,a
48663,1,c
48723,0,a
48892,1,c
4897,0,b
49045,1,d
49110,1,d
49202,0,a
49219,1,d
49333,1,d
49555,0,a
49639,0,a
49677,1,c
49714,0,b
49779,1,c
4978,1,c
4983,1,d
49903,1,c
49975,1,d
50011,0,a
50028,0,a
5004,0,b
50054,1,c
50096,0,a
50144,1,c
50207,0,b
50293,0,a
50294,1,c
50386,0,a
50464,1,d
50477,1,d
50571,1,d
50602,0,a
50604,0,a
50624,0,b
50804,0,a
50830,0,a
50949,1,d
5096,1,d
50962,0,a
51023,0,a
51058,1,d
51216,1,c
51274,1,d
51307,1,d
51363,0,a
51455,1,d
51498,0,a
51526,0,a
51643,0,a
51666,1,c
5169,0,b
5170,0,b
51766,0,b
51883,1,c
5196,1,d
5215,1,c
5227,1,c
5253,1,d
5406,0,a
5422,1,d
5548,1,d
5582,0,b
56,1,c
5611,1,d
5657,1,d
5782,1,c
5791,1,d
5827,1,d
5985,1,d
6198,0,a
6234,1,c
6317,1,d
6357,0,a
6370,1,c
6375,0,a
6537,1,d
6789,0,a
6792,1,d
6826,1,d
6949,0,a
6987,0,a
7007,1,d
706,0,a
7185,1,d
7214,0,a
7241,1,d
7312,0,b
7371,1,d
7489,1,d
7658,0,a
7662,0,a
7708,1,c
7801,0,b
7864,1,d
7904,1,d
8215,1,d
8275,0,b
8436,1,d
8454,1,d
8554,1,d
8588,1,d
8622,0,a
8720,0,a
8759,1,d
8821,1,c
8874,1,d
8907,1,c
8961,0,a
8967,0,a
9079,1,c
9174,1,d
9212,0,b
9333,1,c
9398,1,c
9534,1,c
9583,0,a
9605,1,d
9658,1,c
967,1,d
9787,0,a
979,0,a
981,1,c
9945,1,d
-21161,-1,
-25189,-1,
-5396,-1,
-5633,-1,
-30757,-1,
-42843,-1,
-30191,-1,
-29759,-1,
-45601,-1,
-45078,-1,
-15080,-1,
-36372,-1,
-24561,-1,
-21453,-1,
-43280,-1,
-46235,-1,
-14542,-1,
-1709,-1,
-42907,-1,
-17231,-1,
-56251,-1,
-40340,-1,
-51936,-1,
-47182,-1,
-43895,-1,
-36524,-1,
-53260,-1,
-28067,-1,
-48313,-1,
-56276,-1,
-6441,-1,
-23224,-1,
-16354,-1,
-7200,-1,
-28952,-1,
-7956,-1,
-60344,-1,
-47723,-1,
-4867,-1,
-35477,-1,
-39051,-1,
-34170,-1,
-58675,-1,
-8335,-1,
-51359,-1,
-49264,-1,
-2604,-1,
-33244,-1,
-56098,-1,
-1582,-1,
-50199,-1,
-58791,-1,
-34458,-1,
-35984,-1,
-12481,-1,
-32813,-1,
-6064,-1,
-57862,-1,
-43093,-1,
-50412,-1,
-32702,-1,
-49389,-1,
-23871,-1,
-42591,-1,
-12758,-1,
-57365,-1,
-12161,-1,
-17610,-1,
-48267,-1,
-25046,-1,
-22427,-1,
-6633,-1,
-38589,-1,
-27592,-1,
-6710,-1,
-19643,-1,
-22389,-1,
-39888,-1,
-15290,-1,
-2922,-1,
-6931,-1,
-39388,-1,
-24199,-1,
-12063,-1,
-16730,-1,
-53491,-1,
-17222,-1,
-27305,-1,
-22073,-1,
-4915,-1,
-21587,-1,
-50723,-1,
-43604,-1,
-43143,-1,
-59737,-1,
-34211,-1,
-37504,-1,
-50678,-1,
-26626,-1,
-13524,-1,
-55889,-1,
-50714,-1,
-49072,-1,
-29033,-1,
-10191,-1,
-6176,-1,
-44166,-1,
-46302,-1,
-39545,-1,
-7225,-1,
-47349,-1,
-2508,-1,
-17,-1,
-47616,-1,
-28429,-1,
-8720,-1,
-6845,-1,
-8254,-1,
-26994,-1,
-10621,-1,
-11069,-1,
-24256,-1,
-15416,-1,
-56485,-1,
-31634,-1,
-17019,-1,
-8343,-1,
-25695,-1,
-59032,-1,
-38630,-1,
-49527,-1,
-11931,-1,
-42367,-1,
-6169,-1,
-58819,-1,
-9774,-1,
-35238,-1,
-22968,-1,
-30384,-1,
-45911,-1,
-54840,-1,
-15445,-1,
-50705,-1,
-49356,-1,
-28491,-1,
-21442,-1,
-20235,-1,
-50077,-1,
-16070,-1,
-29432,-1,
-42602,-1,
-28009,-1,
-39237,-1,
-56882,-1,
-42501,-1,
-23745,-1,
-28419,-1,
-7580,-1,
-35256,-1,
-40749,-1,
-41458,-1,
-28681,-1,
-7570,-1,
-50628,-1,
-27195,-1,
-51750,-1,
-10951,-1,
-32278,-1,
-27463,-1,
-33025,-1,
-31505,-1,
-58709,-1,
-34271,-1,
-52653,-1,
-46879,-1,
-34426,-1,
-27341,-1,
-16920,-1,
-16562,-1,
-48736,-1,
-30781,-1,
-9616,-1,
-26294,-1,
-31392,-1,
-52998,-1,
-32500,-1,
-46238,-1,
-38515,-1,
-5265,-1,
-45558,-1,
-43075,-1,
-31170,-1,
-44824,-1,
-53016,-1,
-12904,-1,
-33866,-1,
-7557,-1,
-3271,-1,
-59525,-1,
-40786,-1,
-16934,-1,
-14935,-1,
-39774,-1,
-25153,-1,
-43056,-1,
-9008,-1,
-49755,-1,
-25395,-1,
-19040,-1,
-21126,-1,
-14969,-1,
-1559,-1,
-52527,-1,
-49585,-1,
-53488,-1,
-28763,-1,
-48429,-1,
-50584,-1,
-7673,-1,
-2203,-1,
-33260,-1,
-15088,-1,
-11817,-1,
-50864,-1,
-35499,-1,
-216,-1,
-41301,-1,
-27625,-1,
-10268,-1,
-13857,-1,
-18026,-1,
-54458,-1,
-8707,-1,
-916,-1,
-13821,-1,
-47638,-1,
-51106,-1,
-20404,-1,
-16787,-1,
-42713,-1,
-47430,-1,
-60122,-1,
-19592,-1,
-22022,-1,
-15692,-1,
-49150,-1,
-23368,-1,
-47958,-1,
-182,-1,
-38977,-1,
-18899,-1,
-47059,-1,
-14565,-1,
-58414,-1,
-30753,-1,
-48790,-1,
-34964,-1,
-29191,-1,
-45421,-1,
-40705,-1,
-2633,-1,
-22229,-1,
-15336,-1,
-35528,-1,
-19417,-1,
-58553,-1,
-18804,-1,
-11274,-1,
-47736,-1,
-36779,-1,
-3487,-1,
-13729,-1,
-40169,-1,
-37781,-1,
-881,-1,
-10844,-1,
-56527,-1,
-33482,-1,
-53501,-1,
-31869,-1,
-41510,-1,
-41256,-1,
-1809,-1,
-56451,-1,
-26587,-1,
-43123,-1,
-21966,-1,
-35128,-1,
-36618,-1,
-39416,-1,
-3674,-1,
-36288,-1,
-45252,-1,
-41734,-1,
-59475,-1,
-28228,-1,
-57957,-1,
-712,-1,
-36802,-1,
-27889,-1,
-2529,-1,
-30011,-1,
-19612,-1,
-8152,-1,
-24700,-1,
-2217,-1,
-10861,-1,
-49123,-1,
-45152,-1,
-43996,-1,
-23427,-1,
-4074,-1,
-15260,-1,
-57224,-1,
-8599,-1,
-19279,-1,
-26418,-1,
-58619,-1,
-2479,-1,
-34412,-1,
-23334,-1,
-50242,-1,
-5364,-1,
-30906,-1,
-22251,-1,
-18377,-1,
-26309,-1,
-8000,-1,
-15178,-1,
-35210,-1,
-32018,-1,
-21232,-1,
-1649,-1,
-26042,-1,
-24037,-1,
-26026,-1,
-46613,-1,
-5002,-1,
-56280,-1,
-19880,-1,
-48323,-1,
-11007,-1,
-35631,-1,
-19690,-1,
-46763,-1,
-40854,-1,
-18345,-1,
-10101,-1,
-9521,-1,
-2336,-1,
-26408,-1,
-56489,-1,
-42765,-1,
-16311,-1,
-22436,-1,
-9458,-1,
-30877,-1,
-12164,-1,
-21266,-1,
-8872,-1,
-6171,-1,
-59047,-1,
-8813,-1,
-2926,-1,
-45855,-1,
-45178,-1,
-47144,-1,
-39715,-1,
-54409,-1,
-60038,-1,
-23138,-1,
-22662,-1,
-23298,-1,
-14959,-1,
-47019,-1,
-32041,-1,
-26687,-1,
-32997,-1,
-45952,-1,
-4251,-1,
-41231,-1,
-47615,-1,
-18255,-1,
-41433,-1,
-37925,-1,
-18434,-1,
-28185,-1,
-44459,-1,
-58616,-1,
-1176,-1,
-34714,-1,
-6624,-1,
-1893,-1,
-56367,-1,
-22278,-1,
-44747,-1,
-56446,-1,
-30420,-1,
-14233,-1,
-19882,-1,
-14290,-1,
-7470,-1,
-20312,-1,
-37078,-1,
-32675,-1,
-6868,-1,
-26297,-1,
-35648,-1,
-52054,-1,
-417,-1,
-24909,-1,
-25496,-1,
-39684,-1,
-13732,-1,
-43643,-1,
-31083,-1,
-8406,-1,
-44469,-1,
-33512,-1,
-5502,-1,
-26789,-1,
-35769,-1,
-10752,-1,
-51929,-1,
-29430,-1,
-2978,-1,
-36670,-1,
-24177,-1,
-59784,-1,
-4745,-1,
-5347,-1,
-27527,-1,
-60040,-1,
-52782,-1,
-41813,-1,
-6285,-1,
-19465,-1,
-47417,-1,
-46471,-1,
-2442,-1,
-9087,-1,
-59250,-1,
-47846,-1,
-29978,-1,
-2690,-1,
-55387,-1,
-56452,-1,
-45649,-1,
-10773,-1,
-26482,-1,
-36494,-1,
-42207,-1,
-26132,-1,
-43132,-1,
-10556,-1,
-52696,-1,
-55231,-1,
-659,-1,
-23933,-1,
-34763,-1,
-41337,-1,
-5519,-1,
-30171,-1,
-22789,-1,
-38575,-1,
-45427,-1,
-344,-1,
-8264,-1,
-42204,-1,
-24094,-1,
-3376,-1,
-19166,-1,
-1520,-1,
-34204,-1,
-52216,-1,
-48537,-1,
-15259,-1,
-34269,-1,
-22123,-1,
-42957,-1,
-30018,-1,
-2123,-1,
-20317,-1,
-12817,-1,
-24869,-1,
-8894,-1,
-30586,-1,
-8318,-1,
-52972,-1,
-29951,-1,
-3962,-1,
-840,-1,
-2794,-1,
-456,-1,
-36868,-1,
-44507,-1,
-26449,-1,
-21686,-1,
-25118,-1,
-44509,-1,
-19189,-1,
-41,-1,
-25350,-1,
-31071,-1,
-3964,-1,
-15932,-1,
-15802,-1,
-58185,-1,
-60371,-1,
-18364,-1,
-33621,-1,
-17392,-1,
-28840,-1,
-15285,-1,
-17042,-1,
-29252,-1,
-50817,-1,
-49011,-1,
-17730,-1,
-35691,-1,
-50720,-1,
-52223,-1,
-43368,-1,
-55888,-1,
-17683,-1,
-52726,-1,
-14714,-1,
-21167,-1,
-4217,-1,
-15773,-1,
-12215,-1,
-28853,-1,
-56047,-1,
-45318,-1,
-5356,-1,
-50223,-1,
-3225,-1,
-14700,-1,
-56357,-1,
-34672,-1,
-50371,-1,
-46119,-1,
-53276,-1,
-26324,-1,
-25882,-1,
-31965,-1,
-38766,-1,
-45643,-1,
-42732,-1,
-6569,-1,
-59531,-1,
-21780,-1,
-46007,-1,
-1540,-1,
-31628,-1,
-18605,-1,
-36367,-1,
-6320,-1,
-39647,-1,
-26791,-1,
-4218,-1,
-52925,-1,
-28117,-1,
-8657,-1,
-18850,-1,
-48557,-1,
-16126,-1,
-45650,-1,
-14444,-1,
-24622,-1,
-21916,-1,
-41207,-1,
-22672,-1,
-47640,-1,
-44907,-1,
-10557,-1,
-41817,-1,
-45189,-1,
-43485,-1,
-5005,-1,
-22453,-1,
-308,-1,
-59849,-1,
-54245,-1,
-11830,-1,
-25462,-1,
-32753,-1,
-56405,-1,
-35770,-1,
-11205,-1,
-44589,-1,
-29593,-1,
-50236,-1,
-28326,-1,
-37961,-1,
-2259,-1,
-27904,-1,
-7993,-1,
-31387,-1,
-35307,-1,
-39826,-1,
-15232,-1,
-5489,-1,
-11098,-1,
-2285,-1,
-11047,-1,
-19372,-1,
-56008,-1,
-7822,-1,
-8620,-1,
-32661,-1,
-59870,-1,
-3272,-1,
-49396,-1,
-11210,-1,
-41414,-1,
-23877,-1,
-27298,-1,
-34718,-1,
-29175,-1,
-44823,-1,
